pair,date,high,low,open,close,volume
USDT_BTC,1620550800,1.75,0.75,1,1.5,168676077.6
USDT_BTC,1620554400,2.25,1.25,1.5,2,142785493.3
USDT_BTC,1620558000,2.75,1.75,2,2.5,125199288.1
USDT_BTC,1620561600,3.25,2.25,2.5,3,418959979.9
USDT_BTC,1620565200,3.75,2.75,3,3.5,202331949.6
USDT_BTC,1620568800,4.25,3.25,3.5,4,128578309.9
USDT_BTC,1620572400,4.75,3.75,4,4.5,108258429.3
USDT_BTC,1620576000,5.25,4.25,4.5,5,144133783.7
USDT_BTC,1620579600,5.75,4.75,5,5.5,92803132.3
USDT_BTC,1620583200,6.25,5.25,5.5,6,87961358.68
USDT_BTC,1620586800,6.75,5.75,6,6.5,142841978.4
USDT_BTC,1620590400,7.25,6.25,6.5,7,154297201.6
USDT_BTC,1620594000,7.75,6.75,7,7.5,111504698.6
USDT_BTC,1620597600,8.25,7.25,7.5,8,128249358.8
USDT_BTC,1620601200,8.75,7.75,8,8.5,118302824
USDT_BTC,1620604800,9.25,8.25,8.5,9,159673740.2
USDT_BTC,1620608400,9.75,8.75,9,9.5,141956981.8
USDT_BTC,1620612000,10.25,9.25,9.5,10,127334860.2
USDT_BTC,1620615600,10.25,9.25,10,9.5,212740172
USDT_BTC,1620619200,9.75,8.75,9.5,9,181527842.5
USDT_BTC,1620622800,9.25,8.25,9,8.5,148774470.5
USDT_BTC,1620626400,8.75,7.75,8.5,8,106084476.6
USDT_BTC,1620630000,8.25,7.25,8,7.5,146907008.7
USDT_BTC,1620633600,7.75,6.75,7.5,7,168957552.9
USDT_BTC,1620637200,7.25,6.25,7,6.5,189540888.7
USDT_BTC,1620640800,6.75,5.75,6.5,6,156187329.4
USDT_BTC,1620644400,6.25,5.25,6,5.5,209370685.5
USDT_BTC,1620648000,5.75,4.75,5.5,5,202636698.6
USDT_BTC,1620651600,5.25,4.25,5,4.5,196355379.5
USDT_BTC,1620655200,4.75,3.75,4.5,4,234834031.1
USDT_BTC,1620658800,4.25,3.25,4,3.5,315255459.1
USDT_BTC,1620662400,3.75,2.75,3.5,3,246192433
USDT_BTC,1620666000,3.25,2.25,3,2.5,234213812.8
USDT_BTC,1620669600,2.75,1.75,2.5,2,250966493
USDT_BTC,1620673200,2.25,1.25,2,1.5,351004098.6
USDT_BTC,1620676800,1.75,0.75,1.5,1,628919850
USDT_BTC,1620680400,1.75,0.75,1,1.5,167433158.8
USDT_BTC,1620684000,2.25,1.25,1.5,2,188409471.2
USDT_BTC,1620687600,2.75,1.75,2,2.5,166505745.4
USDT_BTC,1620691200,3.25,2.25,2.5,3,198586929.2
USDT_BTC,1620694800,3.75,2.75,3,3.5,200051672.7
USDT_BTC,1620698400,4.25,3.25,3.5,4,199929706.3
USDT_BTC,1620702000,4.75,3.75,4,4.5,192696232.3
USDT_BTC,1620705600,5.25,4.25,4.5,5,146422537.9
USDT_BTC,1620709200,5.75,4.75,5,5.5,129084658.7
USDT_BTC,1620712800,6.25,5.25,5.5,6,140932264
USDT_BTC,1620716400,6.75,5.75,6,6.5,108985479.5
USDT_BTC,1620720000,7.25,6.25,6.5,7,174033659.9
USDT_BTC,1620723600,7.75,6.75,7,7.5,143200712
USDT_BTC,1620727200,8.25,7.25,7.5,8,143067532.9
USDT_BTC,1620730800,8.75,7.75,8,8.5,152021385
USDT_BTC,1620734400,9.25,8.25,8.5,9,212945648.8
USDT_BTC,1620738000,9.75,8.75,9,9.5,214886710.9
USDT_BTC,1620741600,10.25,9.25,9.5,10,173825464.5
USDT_BTC,1620745200,10.25,9.25,10,9.5,169655496.4
USDT_BTC,1620748800,9.75,8.75,9.5,9,196021598.7
USDT_BTC,1620752400,9.25,8.25,9,8.5,124546833.9
USDT_BTC,1620756000,8.75,7.75,8.5,8,114921068
USDT_BTC,1620759600,8.25,7.25,8,7.5,106475487.4
USDT_BTC,1620763200,7.75,6.75,7.5,7,92373309.9
USDT_BTC,1620766800,7.25,6.25,7,6.5,85140145.15
USDT_BTC,1620770400,6.75,5.75,6.5,6,82046392.84
USDT_BTC,1620774000,6.25,5.25,6,5.5,81179727.96
USDT_BTC,1620777600,5.75,4.75,5.5,5,180613749.4
USDT_BTC,1620781200,5.25,4.25,5,4.5,115276733.3
USDT_BTC,1620784800,4.75,3.75,4.5,4,127630722.6
USDT_BTC,1620788400,4.25,3.25,4,3.5,190172794.7
USDT_BTC,1620792000,3.75,2.75,3.5,3,155892290.9
USDT_BTC,1620795600,3.25,2.25,3,2.5,111754604.4
USDT_BTC,1620799200,2.75,1.75,2.5,2,143780815
USDT_BTC,1620802800,2.25,1.25,2,1.5,109394739.3
USDT_BTC,1620806400,1.75,0.75,1.5,1,189342722.1
USDT_BTC,1620810000,1.75,0.75,1,1.5,123128929.4
USDT_BTC,1620813600,2.25,1.25,1.5,2,219724244.7
USDT_BTC,1620817200,2.75,1.75,2,2.5,153140805.4
USDT_BTC,1620820800,3.25,2.25,2.5,3,153517969.4
USDT_BTC,1620824400,3.75,2.75,3,3.5,224847297.4
USDT_BTC,1620828000,4.25,3.25,3.5,4,205842239.1
USDT_BTC,1620831600,4.75,3.75,4,4.5,326193530.1
USDT_BTC,1620835200,5.25,4.25,4.5,5,354067709.4
USDT_BTC,1620838800,5.75,4.75,5,5.5,165238473.4
USDT_BTC,1620842400,6.25,5.25,5.5,6,343628062.1
USDT_BTC,1620846000,6.75,5.75,6,6.5,247466595.7
USDT_BTC,1620849600,7.25,6.25,6.5,7,140526229.3
USDT_BTC,1620853200,7.75,6.75,7,7.5,103145563.7
USDT_BTC,1620856800,8.25,7.25,7.5,8,676718908.2
USDT_BTC,1620860400,8.75,7.75,8,8.5,715069364.2
USDT_BTC,1620864000,9.25,8.25,8.5,9,973630160.7
USDT_BTC,1620867600,9.75,8.75,9,9.5,505260633.4
USDT_BTC,1620871200,10.25,9.25,9.5,10,331628873.6
USDT_BTC,1620874800,10.25,9.25,10,9.5,311852531.9
USDT_BTC,1620878400,9.75,8.75,9.5,9,240732752.7
USDT_BTC,1620882000,9.25,8.25,9,8.5,191208599.8
USDT_BTC,1620885600,8.75,7.75,8.5,8,203717849.2
USDT_BTC,1620889200,8.25,7.25,8,7.5,185205321.5
USDT_BTC,1620892800,7.75,6.75,7.5,7,232592649.4
USDT_BTC,1620896400,7.25,6.25,7,6.5,428217306.2
USDT_BTC,1620900000,6.75,5.75,6.5,6,435431030.9
USDT_BTC,1620903600,6.25,5.25,6,5.5,301930927.9
USDT_BTC,1620907200,5.75,4.75,5.5,5,229794940
USDT_BTC,1620910800,5.25,4.25,5,4.5,199239936.8
USDT_BTC,1620914400,4.75,3.75,4.5,4,189652725.6
USDT_BTC,1620918000,4.25,3.25,4,3.5,248565796.1
USDT_BTC,1620921600,3.75,2.75,3.5,3,297604819.9
USDT_BTC,1620925200,3.25,2.25,3,2.5,558009110.9
USDT_BTC,1620928800,2.75,1.75,2.5,2,308258295.1
USDT_BTC,1620932400,2.25,1.25,2,1.5,239925381.6
USDT_BTC,1620936000,1.75,0.75,1.5,1,199796526.9
USDT_BTC,1620939600,1.75,0.75,1,1.5,128484104.8
USDT_BTC,1620943200,2.25,1.25,1.5,2,176481652.1
USDT_BTC,1620946800,2.75,1.75,2,2.5,186472761.5
USDT_BTC,1620950400,3.25,2.25,2.5,3,223240429.3
USDT_BTC,1620954000,3.75,2.75,3,3.5,163132723.8
USDT_BTC,1620957600,4.25,3.25,3.5,4,156120749.2
USDT_BTC,1620961200,4.75,3.75,4,4.5,137960403.5
USDT_BTC,1620964800,5.25,4.25,4.5,5,193500416.2
USDT_BTC,1620968400,5.75,4.75,5,5.5,132162981.3
USDT_BTC,1620972000,6.25,5.25,5.5,6,169482635.1
USDT_BTC,1620975600,6.75,5.75,6,6.5,208219279.8
USDT_BTC,1620979200,7.25,6.25,6.5,7,172581504.8
USDT_BTC,1620982800,7.75,6.75,7,7.5,204007041.1
USDT_BTC,1620986400,8.25,7.25,7.5,8,199978548.7
USDT_BTC,1620990000,8.75,7.75,8,8.5,176243214.8
USDT_BTC,1620993600,9.25,8.25,8.5,9,168070633.4
USDT_BTC,1620997200,9.75,8.75,9,9.5,164858530.6
USDT_BTC,1621000800,10.25,9.25,9.5,10,152517810.1
USDT_BTC,1621004400,10.25,9.25,10,9.5,218352818.2
USDT_BTC,1621008000,9.75,8.75,9.5,9,191212371.6
USDT_BTC,1621011600,9.25,8.25,9,8.5,133616105.2
USDT_BTC,1621015200,8.75,7.75,8.5,8,173741355.8
USDT_BTC,1621018800,8.25,7.25,8,7.5,133292453.3
USDT_BTC,1621022400,7.75,6.75,7.5,7,209466633.5
USDT_BTC,1621026000,7.25,6.25,7,6.5,117047918.6
USDT_BTC,1621029600,6.75,5.75,6.5,6,101859821.7
USDT_BTC,1621033200,6.25,5.25,6,5.5,115238535.8
USDT_BTC,1621036800,5.75,4.75,5.5,5,161052312.5
USDT_BTC,1621040400,5.25,4.25,5,4.5,145524662
USDT_BTC,1621044000,4.75,3.75,4.5,4,107930677
USDT_BTC,1621047600,4.25,3.25,4,3.5,112008453.1
USDT_BTC,1621051200,3.75,2.75,3.5,3,144844769.4
USDT_BTC,1621054800,3.25,2.25,3,2.5,137281382.2
USDT_BTC,1621058400,2.75,1.75,2.5,2,220003403
USDT_BTC,1621062000,2.25,1.25,2,1.5,223648474.3
USDT_BTC,1621065600,1.75,0.75,1.5,1,186760891.2
USDT_BTC,1621069200,1.75,0.75,1,1.5,184124060.3
USDT_BTC,1621072800,2.25,1.25,1.5,2,264491723.5
USDT_BTC,1621076400,2.75,1.75,2,2.5,147188576.5
USDT_BTC,1621080000,3.25,2.25,2.5,3,157164463.4
USDT_BTC,1621083600,3.75,2.75,3,3.5,159029983.1
USDT_BTC,1621087200,4.25,3.25,3.5,4,257950577.3
USDT_BTC,1621090800,4.75,3.75,4,4.5,158925705.1
USDT_BTC,1621094400,5.25,4.25,4.5,5,322666496.8
USDT_BTC,1621098000,5.75,4.75,5,5.5,234686773.4
USDT_BTC,1621101600,6.25,5.25,5.5,6,151100555.7
USDT_BTC,1621105200,6.75,5.75,6,6.5,260847281.8
USDT_BTC,1621108800,7.25,6.25,6.5,7,150580054.5
USDT_BTC,1621112400,7.75,6.75,7,7.5,85996600.74
USDT_BTC,1621116000,8.25,7.25,7.5,8,140828211.4
USDT_BTC,1621119600,8.75,7.75,8,8.5,236139758.3
USDT_BTC,1621123200,9.25,8.25,8.5,9,256947912.2
USDT_BTC,1621126800,9.75,8.75,9,9.5,143829883.4
USDT_BTC,1621130400,10.25,9.25,9.5,10,103498165.9
USDT_BTC,1621134000,10.25,9.25,10,9.5,105856132.6
USDT_BTC,1621137600,9.75,8.75,9.5,9,110028077.6
USDT_BTC,1621141200,9.25,8.25,9,8.5,79543003.64
USDT_BTC,1621144800,8.75,7.75,8.5,8,205784967.3
USDT_BTC,1621148400,8.25,7.25,8,7.5,131681355.2
USDT_BTC,1621152000,7.75,6.75,7.5,7,124722726.9
USDT_BTC,1621155600,7.25,6.25,7,6.5,146679299.8
USDT_BTC,1621159200,6.75,5.75,6.5,6,146516333.3
USDT_BTC,1621162800,6.25,5.25,6,5.5,121437654.4
USDT_BTC,1621166400,5.75,4.75,5.5,5,143016378.5
USDT_BTC,1621170000,5.25,4.25,5,4.5,148843563.1
USDT_BTC,1621173600,4.75,3.75,4.5,4,186287640.3
USDT_BTC,1621177200,4.25,3.25,4,3.5,208712774
USDT_BTC,1621180800,3.75,2.75,3.5,3,290162172.7
USDT_BTC,1621184400,3.25,2.25,3,2.5,397503893.3
USDT_BTC,1621188000,2.75,1.75,2.5,2,509186062
USDT_BTC,1621191600,2.25,1.25,2,1.5,510824938.2
USDT_BTC,1621195200,1.75,0.75,1.5,1,508083166.1
USDT_BTC,1621198800,1.75,0.75,1,1.5,340577449.1
USDT_BTC,1621202400,2.25,1.25,1.5,2,267417674
USDT_BTC,1621206000,2.75,1.75,2,2.5,180356384.6
USDT_BTC,1621209600,3.25,2.25,2.5,3,188955275.5
USDT_BTC,1621213200,3.75,2.75,3,3.5,290578727.6
USDT_BTC,1621216800,4.25,3.25,3.5,4,255853933.5
USDT_BTC,1621220400,4.75,3.75,4,4.5,518776989
USDT_BTC,1621224000,5.25,4.25,4.5,5,570506419.3
USDT_BTC,1621227600,5.75,4.75,5,5.5,397210741.4
USDT_BTC,1621231200,6.25,5.25,5.5,6,515102067.9
USDT_BTC,1621234800,6.75,5.75,6,6.5,293636586.2
USDT_BTC,1621238400,7.25,6.25,6.5,7,305252998.6
USDT_BTC,1621242000,7.75,6.75,7,7.5,215813496.8
USDT_BTC,1621245600,8.25,7.25,7.5,8,255700269.5
USDT_BTC,1621249200,8.75,7.75,8,8.5,299783585.9
USDT_BTC,1621252800,9.25,8.25,8.5,9,285964102.7
USDT_BTC,1621256400,9.75,8.75,9,9.5,195565400.4
USDT_BTC,1621260000,10.25,9.25,9.5,10,275591773.1
USDT_BTC,1621263600,10.25,9.25,10,9.5,273101584.4
USDT_BTC,1621267200,9.75,8.75,9.5,9,380442842.7
USDT_BTC,1621270800,9.25,8.25,9,8.5,392692743.9
USDT_BTC,1621274400,8.75,7.75,8.5,8,317930324.2
USDT_BTC,1621278000,8.25,7.25,8,7.5,242018960.8
USDT_BTC,1621281600,7.75,6.75,7.5,7,182869069.3
USDT_BTC,1621285200,7.25,6.25,7,6.5,182675946.8
USDT_BTC,1621288800,6.75,5.75,6.5,6,278747733.1
USDT_BTC,1621292400,6.25,5.25,6,5.5,231983959.4
USDT_BTC,1621296000,5.75,4.75,5.5,5,274430074
USDT_BTC,1621299600,5.25,4.25,5,4.5,294718581.9
USDT_BTC,1621303200,4.75,3.75,4.5,4,168042412.7
USDT_BTC,1621306800,4.25,3.25,4,3.5,122353911.3
USDT_BTC,1621310400,3.75,2.75,3.5,3,208363426.4
USDT_BTC,1621314000,3.25,2.25,3,2.5,181299164.6
USDT_BTC,1621317600,2.75,1.75,2.5,2,216968005.9
USDT_BTC,1621321200,2.25,1.25,2,1.5,172213477.2
USDT_BTC,1621324800,1.75,0.75,1.5,1,162893077
USDT_BTC,1621328400,1.75,0.75,1,1.5,158936710.3
USDT_BTC,1621332000,2.25,1.25,1.5,2,131297325.1
USDT_BTC,1621335600,2.75,1.75,2,2.5,138183579.5
USDT_BTC,1621339200,3.25,2.25,2.5,3,276095596.4
USDT_BTC,1621342800,3.75,2.75,3,3.5,307606212.2
USDT_BTC,1621346400,4.25,3.25,3.5,4,382920221.9
USDT_BTC,1621350000,4.75,3.75,4,4.5,322009953.5
USDT_BTC,1621353600,5.25,4.25,4.5,5,347060015.7
USDT_BTC,1621357200,5.75,4.75,5,5.5,193501724.9
USDT_BTC,1621360800,6.25,5.25,5.5,6,259759114.6
USDT_BTC,1621364400,6.75,5.75,6,6.5,202187536.1
USDT_BTC,1621368000,7.25,6.25,6.5,7,162090244
USDT_BTC,1621371600,7.75,6.75,7,7.5,112746833.3
USDT_BTC,1621375200,8.25,7.25,7.5,8,129914174.6
USDT_BTC,1621378800,8.75,7.75,8,8.5,221078909.6
USDT_BTC,1621382400,9.25,8.25,8.5,9,217207672.7
USDT_BTC,1621386000,9.75,8.75,9,9.5,552531128.7
USDT_BTC,1621389600,10.25,9.25,9.5,10,351694034.6
USDT_BTC,1621393200,10.25,9.25,10,9.5,370711746.3
USDT_BTC,1621396800,9.75,8.75,9.5,9,700936623.5
USDT_BTC,1621400400,9.25,8.25,9,8.5,495838977.1
USDT_BTC,1621404000,8.75,7.75,8.5,8,328101147.2
USDT_BTC,1621407600,8.25,7.25,8,7.5,415508158.8
USDT_BTC,1621411200,7.75,6.75,7.5,7,291574018
USDT_BTC,1621414800,7.25,6.25,7,6.5,214566485.8
USDT_BTC,1621418400,6.75,5.75,6.5,6,357584419.9
USDT_BTC,1621422000,6.25,5.25,6,5.5,996784867.1
USDT_BTC,1621425600,5.75,4.75,5.5,5,1123955119
USDT_BTC,1621429200,5.25,4.25,5,4.5,1514464825
USDT_BTC,1621432800,4.75,3.75,4.5,4,858701434
USDT_BTC,1621436400,4.25,3.25,4,3.5,804241871.9
USDT_BTC,1621440000,3.75,2.75,3.5,3,958481252.3
USDT_BTC,1621443600,3.25,2.25,3,2.5,647031928.4
USDT_BTC,1621447200,2.75,1.75,2.5,2,466158744.4
USDT_BTC,1621450800,2.25,1.25,2,1.5,378677273.3
USDT_BTC,1621454400,1.75,0.75,1.5,1,403432674.2
USDT_BTC,1621458000,1.75,0.75,1,1.5,347224737.5
USDT_BTC,1621461600,2.25,1.25,1.5,2,288299570.2
USDT_BTC,1621465200,2.75,1.75,2,2.5,393986225
USDT_BTC,1621468800,3.25,2.25,2.5,3,656901733.2
USDT_BTC,1621472400,3.75,2.75,3,3.5,545771871.6
USDT_BTC,1621476000,4.25,3.25,3.5,4,320029893.7
USDT_BTC,1621479600,4.75,3.75,4,4.5,272713561.6
USDT_BTC,1621483200,5.25,4.25,4.5,5,338106769.8
USDT_BTC,1621486800,5.75,4.75,5,5.5,283535563.4
USDT_BTC,1621490400,6.25,5.25,5.5,6,305992927
USDT_BTC,1621494000,6.75,5.75,6,6.5,352447232.4
USDT_BTC,1621497600,7.25,6.25,6.5,7,235517317
USDT_BTC,1621501200,7.75,6.75,7,7.5,301816562.1
USDT_BTC,1621504800,8.25,7.25,7.5,8,357527359.5
USDT_BTC,1621508400,8.75,7.75,8,8.5,299574376.5
USDT_BTC,1621512000,9.25,8.25,8.5,9,501811327.1
USDT_BTC,1621515600,9.75,8.75,9,9.5,457114594.3
USDT_BTC,1621519200,10.25,9.25,9.5,10,364029177.3
USDT_BTC,1621522800,10.25,9.25,10,9.5,260651927.8
USDT_BTC,1621526400,9.75,8.75,9.5,9,752470655.2
USDT_BTC,1621530000,9.25,8.25,9,8.5,301348964.2
USDT_BTC,1621533600,8.75,7.75,8.5,8,197426013.9
USDT_BTC,1621537200,8.25,7.25,8,7.5,182616032.4
USDT_BTC,1621540800,7.75,6.75,7.5,7,165472490.4
USDT_BTC,1621544400,7.25,6.25,7,6.5,109676750.6
USDT_BTC,1621548000,6.75,5.75,6.5,6,260438184.2
USDT_BTC,1621551600,6.25,5.25,6,5.5,196905782
USDT_BTC,1621555200,5.75,4.75,5.5,5,269291869.3
USDT_BTC,1621558800,5.25,4.25,5,4.5,142890174.5
USDT_BTC,1621562400,4.75,3.75,4.5,4,132515885
USDT_BTC,1621566000,4.25,3.25,4,3.5,152410310.3
USDT_BTC,1621569600,3.75,2.75,3.5,3,213574191.3
USDT_BTC,1621573200,3.25,2.25,3,2.5,148378008.1
USDT_BTC,1621576800,2.75,1.75,2.5,2,238116764.8
USDT_BTC,1621580400,2.25,1.25,2,1.5,165296139.1
USDT_BTC,1621584000,1.75,0.75,1.5,1,248235070.9
USDT_BTC,1621587600,1.75,0.75,1,1.5,238171442
USDT_BTC,1621591200,2.25,1.25,1.5,2,203737395.7
USDT_BTC,1621594800,2.75,1.75,2,2.5,182600891.1
USDT_BTC,1621598400,3.25,2.25,2.5,3,237974697.1
USDT_BTC,1621602000,3.75,2.75,3,3.5,147670655.5
USDT_BTC,1621605600,4.25,3.25,3.5,4,1250882884
USDT_BTC,1621609200,4.75,3.75,4,4.5,709607192.7
USDT_BTC,1621612800,5.25,4.25,4.5,5,550012202.5
USDT_BTC,1621616400,5.75,4.75,5,5.5,311034909.1
USDT_BTC,1621620000,6.25,5.25,5.5,6,249743884.7
USDT_BTC,1621623600,6.75,5.75,6,6.5,402964564
USDT_BTC,1621627200,7.25,6.25,6.5,7,327179350.8
USDT_BTC,1621630800,7.75,6.75,7,7.5,664727326
USDT_BTC,1621634400,8.25,7.25,7.5,8,306559033.2
USDT_BTC,1621638000,8.75,7.75,8,8.5,219771768.9
USDT_BTC,1621641600,9.25,8.25,8.5,9,192036871.9
USDT_BTC,1621645200,9.75,8.75,9,9.5,184903880.5
USDT_BTC,1621648800,10.25,9.25,9.5,10,189873491.7
USDT_BTC,1621652400,10.25,9.25,10,9.5,301066254.6
USDT_BTC,1621656000,9.75,8.75,9.5,9,267565326.7
USDT_BTC,1621659600,9.25,8.25,9,8.5,269966548
USDT_BTC,1621663200,8.75,7.75,8.5,8,187152488
USDT_BTC,1621666800,8.25,7.25,8,7.5,202860113.9
USDT_BTC,1621670400,7.75,6.75,7.5,7,214263890.7
USDT_BTC,1621674000,7.25,6.25,7,6.5,173903668.2
USDT_BTC,1621677600,6.75,5.75,6.5,6,350992503.8
USDT_BTC,1621681200,6.25,5.25,6,5.5,183042240
USDT_BTC,1621684800,5.75,4.75,5.5,5,199329515.8
USDT_BTC,1621688400,5.25,4.25,5,4.5,193106738
USDT_BTC,1621692000,4.75,3.75,4.5,4,231202840.1
USDT_BTC,1621695600,4.25,3.25,4,3.5,254162630.1
USDT_BTC,1621699200,3.75,2.75,3.5,3,190456728.1
USDT_BTC,1621702800,3.25,2.25,3,2.5,156613161.6
USDT_BTC,1621706400,2.75,1.75,2.5,2,162528624.6
USDT_BTC,1621710000,2.25,1.25,2,1.5,131459106.9
USDT_BTC,1621713600,1.75,0.75,1.5,1,116526033.4
USDT_BTC,1621717200,1.75,0.75,1,1.5,119303179.6
USDT_BTC,1621720800,2.25,1.25,1.5,2,155459148.3
USDT_BTC,1621724400,2.75,1.75,2,2.5,102792663.3
USDT_BTC,1621728000,3.25,2.25,2.5,3,253656844.5
USDT_BTC,1621731600,3.75,2.75,3,3.5,96668700.48
USDT_BTC,1621735200,4.25,3.25,3.5,4,109207716.8
USDT_BTC,1621738800,4.75,3.75,4,4.5,98694700.73
USDT_BTC,1621742400,5.25,4.25,4.5,5,103763416.6
USDT_BTC,1621746000,5.75,4.75,5,5.5,163235104.2
USDT_BTC,1621749600,6.25,5.25,5.5,6,196634070.9
USDT_BTC,1621753200,6.75,5.75,6,6.5,264390431.6
USDT_BTC,1621756800,7.25,6.25,6.5,7,639511583
USDT_BTC,1621760400,7.75,6.75,7,7.5,480445609
USDT_BTC,1621764000,8.25,7.25,7.5,8,329386894.3
USDT_BTC,1621767600,8.75,7.75,8,8.5,238169414.1
USDT_BTC,1621771200,9.25,8.25,8.5,9,592868589.1
USDT_BTC,1621774800,9.75,8.75,9,9.5,589502627.6
USDT_BTC,1621778400,10.25,9.25,9.5,10,376212234.8
USDT_BTC,1621782000,10.25,9.25,10,9.5,259993343.8
USDT_BTC,1621785600,9.75,8.75,9.5,9,867393397.2
USDT_BTC,1621789200,9.25,8.25,9,8.5,463648115.5
USDT_BTC,1621792800,8.75,7.75,8.5,8,350535883.4
USDT_BTC,1621796400,8.25,7.25,8,7.5,232111472
USDT_BTC,1621800000,7.75,6.75,7.5,7,221720641.7
USDT_BTC,1621803600,7.25,6.25,7,6.5,185237221.1
USDT_BTC,1621807200,6.75,5.75,6.5,6,165634678.5
USDT_BTC,1621810800,6.25,5.25,6,5.5,152619772.4
USDT_BTC,1621814400,5.75,4.75,5.5,5,256829069.6
USDT_BTC,1621818000,5.25,4.25,5,4.5,179937146.7
USDT_BTC,1621821600,4.75,3.75,4.5,4,179974540.8
USDT_BTC,1621825200,4.25,3.25,4,3.5,174595878
USDT_BTC,1621828800,3.75,2.75,3.5,3,196193251.4
USDT_BTC,1621832400,3.25,2.25,3,2.5,137212256.9
USDT_BTC,1621836000,2.75,1.75,2.5,2,203650917.3
USDT_BTC,1621839600,2.25,1.25,2,1.5,376728347
USDT_BTC,1621843200,1.75,0.75,1.5,1,279700863.7
USDT_BTC,1621846800,1.75,0.75,1,1.5,185294286.6
USDT_BTC,1621850400,2.25,1.25,1.5,2,280432789.7
USDT_BTC,1621854000,2.75,1.75,2,2.5,435104768.7
USDT_BTC,1621857600,3.25,2.25,2.5,3,399327461.5
USDT_BTC,1621861200,3.75,2.75,3,3.5,358809919.5
USDT_BTC,1621864800,4.25,3.25,3.5,4,239457597.7
USDT_BTC,1621868400,4.75,3.75,4,4.5,238789246.2
USDT_BTC,1621872000,5.25,4.25,4.5,5,302480511.1
USDT_BTC,1621875600,5.75,4.75,5,5.5,171593901.9
USDT_BTC,1621879200,6.25,5.25,5.5,6,199153943.9
USDT_BTC,1621882800,6.75,5.75,6,6.5,408708639.1
USDT_BTC,1621886400,7.25,6.25,6.5,7,355912949.1
USDT_BTC,1621890000,7.75,6.75,7,7.5,177481486.7
USDT_BTC,1621893600,8.25,7.25,7.5,8,144361546.1
USDT_BTC,1621897200,8.75,7.75,8,8.5,115041712.9
USDT_BTC,1621900800,9.25,8.25,8.5,9,287015032
USDT_BTC,1621904400,9.75,8.75,9,9.5,196553070.6
USDT_BTC,1621908000,10.25,9.25,9.5,10,162003769
USDT_BTC,1621911600,10.25,9.25,10,9.5,195647441.6
USDT_BTC,1621915200,9.75,8.75,9.5,9,189032893.7
USDT_BTC,1621918800,9.25,8.25,9,8.5,132080760
USDT_BTC,1621922400,8.75,7.75,8.5,8,170449875.4
USDT_BTC,1621926000,8.25,7.25,8,7.5,136260670.2
USDT_BTC,1621929600,7.75,6.75,7.5,7,171653476.5
USDT_BTC,1621933200,7.25,6.25,7,6.5,159713714.3
USDT_BTC,1621936800,6.75,5.75,6.5,6,328174302.1
USDT_BTC,1621940400,6.25,5.25,6,5.5,218781549.2
USDT_BTC,1621944000,5.75,4.75,5.5,5,199205471.9
USDT_BTC,1621947600,5.25,4.25,5,4.5,264811068.2
USDT_BTC,1621951200,4.75,3.75,4.5,4,226865980.7
USDT_BTC,1621954800,4.25,3.25,4,3.5,327818021.7
USDT_BTC,1621958400,3.75,2.75,3.5,3,143345228.7
USDT_BTC,1621962000,3.25,2.25,3,2.5,101641094.3
USDT_BTC,1621965600,2.75,1.75,2.5,2,103220157.8
USDT_BTC,1621969200,2.25,1.25,2,1.5,130174586.5
USDT_BTC,1621972800,1.75,0.75,1.5,1,94457166.02
USDT_BTC,1621976400,1.75,0.75,1,1.5,89409482.74
USDT_BTC,1621980000,2.25,1.25,1.5,2,141277250.2
USDT_BTC,1621983600,2.75,1.75,2,2.5,83927516
USDT_BTC,1621987200,3.25,2.25,2.5,3,141746509.4
USDT_BTC,1621990800,3.75,2.75,3,3.5,129409884.6
USDT_BTC,1621994400,4.25,3.25,3.5,4,249964412.2
USDT_BTC,1621998000,4.75,3.75,4,4.5,134768133.8
USDT_BTC,1622001600,5.25,4.25,4.5,5,121947164.7
USDT_BTC,1622005200,5.75,4.75,5,5.5,122546660.7
USDT_BTC,1622008800,6.25,5.25,5.5,6,330800678.8
USDT_BTC,1622012400,6.75,5.75,6,6.5,154758323.2
USDT_BTC,1622016000,7.25,6.25,6.5,7,259202807.1
USDT_BTC,1622019600,7.75,6.75,7,7.5,108695403.6
USDT_BTC,1622023200,8.25,7.25,7.5,8,204294319.3
USDT_BTC,1622026800,8.75,7.75,8,8.5,124627911.6
USDT_BTC,1622030400,9.25,8.25,8.5,9,172753936
USDT_BTC,1622034000,9.75,8.75,9,9.5,287655917
USDT_BTC,1622037600,10.25,9.25,9.5,10,207684105.3
USDT_BTC,1622041200,10.25,9.25,10,9.5,237471856.7
USDT_BTC,1622044800,9.75,8.75,9.5,9,180248435.5
USDT_BTC,1622048400,9.25,8.25,9,8.5,193815887.7
USDT_BTC,1622052000,8.75,7.75,8.5,8,130465974.4
USDT_BTC,1622055600,8.25,7.25,8,7.5,182699869
USDT_BTC,1622059200,7.75,6.75,7.5,7,116812909.9
USDT_BTC,1622062800,7.25,6.25,7,6.5,117298476.8
USDT_BTC,1622066400,6.75,5.75,6.5,6,96061722.93
USDT_BTC,1622070000,6.25,5.25,6,5.5,107986204.9
USDT_BTC,1622073600,5.75,4.75,5.5,5,132298911.2
USDT_BTC,1622077200,5.25,4.25,5,4.5,186680198.4
USDT_BTC,1622080800,4.75,3.75,4.5,4,136921782.2
USDT_BTC,1622084400,4.25,3.25,4,3.5,151273829.3
USDT_BTC,1622088000,3.75,2.75,3.5,3,100127744.1
USDT_BTC,1622091600,3.25,2.25,3,2.5,129561520.5
USDT_BTC,1622095200,2.75,1.75,2.5,2,109052629
USDT_BTC,1622098800,2.25,1.25,2,1.5,90158790.61
USDT_BTC,1622102400,1.75,0.75,1.5,1,170723409.6
USDT_BTC,1622106000,1.75,0.75,1,1.5,143116390.3
USDT_BTC,1622109600,2.25,1.25,1.5,2,155805336.3
USDT_BTC,1622113200,2.75,1.75,2,2.5,165054384.3
USDT_BTC,1622116800,3.25,2.25,2.5,3,175126213.5
USDT_BTC,1622120400,3.75,2.75,3,3.5,248529842.1
USDT_BTC,1622124000,4.25,3.25,3.5,4,135613376.1
USDT_BTC,1622127600,4.75,3.75,4,4.5,174204735.7
USDT_BTC,1622131200,5.25,4.25,4.5,5,250509368.2
USDT_BTC,1622134800,5.75,4.75,5,5.5,125867669
USDT_BTC,1622138400,6.25,5.25,5.5,6,73102056.22
USDT_BTC,1622142000,6.75,5.75,6,6.5,100838351.1
USDT_BTC,1622145600,7.25,6.25,6.5,7,89887463.81
USDT_BTC,1622149200,7.75,6.75,7,7.5,132040356.4
USDT_BTC,1622152800,8.25,7.25,7.5,8,100720455.6
USDT_BTC,1622156400,8.75,7.75,8,8.5,84198712.49
USDT_BTC,1622160000,9.25,8.25,8.5,9,160619245
USDT_BTC,1622163600,9.75,8.75,9,9.5,120865791.9
USDT_BTC,1622167200,10.25,9.25,9.5,10,80772392.38
USDT_BTC,1622170800,10.25,9.25,10,9.5,95009772.86
USDT_BTC,1622174400,9.75,8.75,9.5,9,225827187.4
USDT_BTC,1622178000,9.25,8.25,9,8.5,230120809
USDT_BTC,1622181600,8.75,7.75,8.5,8,242862100.4
USDT_BTC,1622185200,8.25,7.25,8,7.5,246738863.4
USDT_BTC,1622188800,7.75,6.75,7.5,7,287909047.2
USDT_BTC,1622192400,7.25,6.25,7,6.5,354141970.6
USDT_BTC,1622196000,6.75,5.75,6.5,6,228363624.3
USDT_BTC,1622199600,6.25,5.25,6,5.5,224790840.4
USDT_BTC,1622203200,5.75,4.75,5.5,5,332240545.3
USDT_BTC,1622206800,5.25,4.25,5,4.5,234158668.6
USDT_BTC,1622210400,4.75,3.75,4.5,4,133806025.4
USDT_BTC,1622214000,4.25,3.25,4,3.5,130477276.6
USDT_BTC,1622217600,3.75,2.75,3.5,3,287202560.1
USDT_BTC,1622221200,3.25,2.25,3,2.5,193182777.1
USDT_BTC,1622224800,2.75,1.75,2.5,2,157052322.4
USDT_BTC,1622228400,2.25,1.25,2,1.5,189112516.1
USDT_BTC,1622232000,1.75,0.75,1.5,1,209437195.5
USDT_BTC,1622235600,1.75,0.75,1,1.5,248149599.7
USDT_BTC,1622239200,2.25,1.25,1.5,2,183745768.8
USDT_BTC,1622242800,2.75,1.75,2,2.5,129674041.6
USDT_BTC,1622246400,3.25,2.25,2.5,3,143455184
USDT_BTC,1622250000,3.75,2.75,3,3.5,111228863.9
USDT_BTC,1622253600,4.25,3.25,3.5,4,134320529
USDT_BTC,1622257200,4.75,3.75,4,4.5,100231637.7
USDT_BTC,1622260800,5.25,4.25,4.5,5,125984686.7
USDT_BTC,1622264400,5.75,4.75,5,5.5,186107916.1
USDT_BTC,1622268000,6.25,5.25,5.5,6,107203274.3
USDT_BTC,1622271600,6.75,5.75,6,6.5,126533997.5
USDT_BTC,1622275200,7.25,6.25,6.5,7,125944953.2
USDT_BTC,1622278800,7.75,6.75,7,7.5,227642392.5
USDT_BTC,1622282400,8.25,7.25,7.5,8,117187091.3
USDT_BTC,1622286000,8.75,7.75,8,8.5,216141324.8
USDT_BTC,1622289600,9.25,8.25,8.5,9,173866115.8
USDT_BTC,1622293200,9.75,8.75,9,9.5,274765199.4
USDT_BTC,1622296800,10.25,9.25,9.5,10,215487178.6
USDT_BTC,1622300400,10.25,9.25,10,9.5,330081680
USDT_BTC,1622304000,9.75,8.75,9.5,9,214037791.7
USDT_BTC,1622307600,9.25,8.25,9,8.5,205825824.2
USDT_BTC,1622311200,8.75,7.75,8.5,8,185151195.2
USDT_BTC,1622314800,8.25,7.25,8,7.5,140430109.2
USDT_BTC,1622318400,7.75,6.75,7.5,7,158829092.6
USDT_BTC,1622322000,7.25,6.25,7,6.5,114348571.5
USDT_BTC,1622325600,6.75,5.75,6.5,6,83879883.12
USDT_BTC,1622329200,6.25,5.25,6,5.5,131158843.1
USDT_BTC,1622332800,5.75,4.75,5.5,5,205012385.1
USDT_BTC,1622336400,5.25,4.25,5,4.5,91097967.23
USDT_BTC,1622340000,4.75,3.75,4.5,4,89074825.43
USDT_BTC,1622343600,4.25,3.25,4,3.5,101174774.5
USDT_BTC,1622347200,3.75,2.75,3.5,3,125181274.2
USDT_BTC,1622350800,3.25,2.25,3,2.5,145924860.6
USDT_BTC,1622354400,2.75,1.75,2.5,2,166608363.9
USDT_BTC,1622358000,2.25,1.25,2,1.5,146548011.3
USDT_BTC,1622361600,1.75,0.75,1.5,1,118728731.2
USDT_BTC,1622365200,1.75,0.75,1,1.5,76117938.65
USDT_BTC,1622368800,2.25,1.25,1.5,2,98745851.24
USDT_BTC,1622372400,2.75,1.75,2,2.5,145323843.4
USDT_BTC,1622376000,3.25,2.25,2.5,3,173937486.5
USDT_BTC,1622379600,3.75,2.75,3,3.5,100905892
USDT_BTC,1622383200,4.25,3.25,3.5,4,111352590.4
USDT_BTC,1622386800,4.75,3.75,4,4.5,78381085.58
USDT_BTC,1622390400,5.25,4.25,4.5,5,105816196.1
USDT_BTC,1622394000,5.75,4.75,5,5.5,78456527.12
USDT_BTC,1622397600,6.25,5.25,5.5,6,107074483
USDT_BTC,1622401200,6.75,5.75,6,6.5,58120993.68
USDT_BTC,1622404800,7.25,6.25,6.5,7,103664608.3
USDT_BTC,1622408400,7.75,6.75,7,7.5,55731642.82
USDT_BTC,1622412000,8.25,7.25,7.5,8,61845441.63
USDT_BTC,1622415600,8.75,7.75,8,8.5,57169174.33
USDT_BTC,1622419200,9.25,8.25,8.5,9,119729973.9
USDT_BTC,1622422800,9.75,8.75,9,9.5,121477337.4
USDT_BTC,1622426400,10.25,9.25,9.5,10,133842135.9
USDT_BTC,1622430000,10.25,9.25,10,9.5,118597529.7
USDT_BTC,1622433600,9.75,8.75,9.5,9,92043491.16
USDT_BTC,1622437200,9.25,8.25,9,8.5,121336201.3
USDT_BTC,1622440800,8.75,7.75,8.5,8,137432996.9
USDT_BTC,1622444400,8.25,7.25,8,7.5,213849731.4
USDT_BTC,1622448000,7.75,6.75,7.5,7,168933078.3
USDT_BTC,1622451600,7.25,6.25,7,6.5,157177579.6
USDT_BTC,1622455200,6.75,5.75,6.5,6,320451182.7
USDT_BTC,1622458800,6.25,5.25,6,5.5,190891250.1
USDT_BTC,1622462400,5.75,4.75,5.5,5,186290637
USDT_BTC,1622466000,5.25,4.25,5,4.5,185178921.1
USDT_BTC,1622469600,4.75,3.75,4.5,4,158281846.4
USDT_BTC,1622473200,4.25,3.25,4,3.5,153858395.1
USDT_BTC,1622476800,3.75,2.75,3.5,3,234665903
USDT_BTC,1622480400,3.25,2.25,3,2.5,147660645
USDT_BTC,1622484000,2.75,1.75,2.5,2,70542843.95
USDT_BTC,1622487600,2.25,1.25,2,1.5,72040569.56
USDT_BTC,1622491200,1.75,0.75,1.5,1,62422937.08
USDT_BTC,1622494800,1.75,0.75,1,1.5,54590957.95
USDT_BTC,1622498400,2.25,1.25,1.5,2,86091105.8
USDT_BTC,1622502000,2.75,1.75,2,2.5,98660484.55
USDT_BTC,1622505600,3.25,2.25,2.5,3,196926607.5
USDT_BTC,1622509200,3.75,2.75,3,3.5,118173642.8
USDT_BTC,1622512800,4.25,3.25,3.5,4,113551230.2
USDT_BTC,1622516400,4.75,3.75,4,4.5,116905766.8
USDT_BTC,1622520000,5.25,4.25,4.5,5,64976976.77
USDT_BTC,1622523600,5.75,4.75,5,5.5,96537837.28
USDT_BTC,1622527200,6.25,5.25,5.5,6,111290611.2
USDT_BTC,1622530800,6.75,5.75,6,6.5,100313042.7
USDT_BTC,1622534400,7.25,6.25,6.5,7,210515123.7
USDT_BTC,1622538000,7.75,6.75,7,7.5,98565251.35
USDT_BTC,1622541600,8.25,7.25,7.5,8,101992700.9
USDT_BTC,1622545200,8.75,7.75,8,8.5,90812462.85
USDT_BTC,1622548800,9.25,8.25,8.5,9,122194005
USDT_BTC,1622552400,9.75,8.75,9,9.5,111290611.3
USDT_BTC,1622556000,10.25,9.25,9.5,10,100313042.8
USDT_BTC,1622559600,10.25,9.25,10,9.5,210515123.8
USDT_BTC,1622563200,9.75,8.75,9.5,9,98565251.36
USDT_BTC,1622566800,9.25,8.25,9,8.5,101992700.10
USDT_BTC,1622570400,8.75,7.75,8.5,8,90812462.86
USDT_BTC,1622574000,8.25,7.25,8,7.5,122194006
USDT_BTC,1622577600,7.75,6.75,7.5,7,111290611.4
USDT_BTC,1622581200,7.25,6.25,7,6.5,100313042.9
USDT_BTC,1622584800,6.75,5.75,6.5,6,210515123.9
USDT_BTC,1622588400,6.25,5.25,6,5.5,98565251.37
USDT_BTC,1622592000,5.75,4.75,5.5,5,101992700.11
USDT_BTC,1622595600,5.25,4.25,5,4.5,90812462.87
USDT_BTC,1622599200,4.75,3.75,4.5,4,122194007
USDT_BTC,1622602800,4.25,3.25,4,3.5,111290611.5
USDT_BTC,1622606400,3.75,2.75,3.5,3,100313042.10
USDT_BTC,1622610000,3.25,2.25,3,2.5,210515123.10
USDT_BTC,1622613600,2.75,1.75,2.5,2,98565251.38
USDT_BTC,1622617200,2.25,1.25,2,1.5,101992700.12
USDT_BTC,1622620800,1.75,0.75,1.5,1,90812462.88
